"Citation","Explication","Tags"
"Croyez en vous et vous êtes déjà à mi-chemin.","La confiance en soi est la première étape vers le succès.","confiance, motivation"
"Le succès n'est pas final, l'échec n'est pas fatal : c'est le courage de continuer qui compte.","Le courage et la persévérance sont essentiels face aux défis.","persévérance, courage"
"Ne regardez pas l'horloge ; faites comme elle, continuez d'avancer.","Le temps passe, donc continuez à avancer sans relâche.","temps, persévérance"
"Agissez comme si ce que vous faites faisait une différence. Parce que c'est le cas.","Chaque action a un impact significatif, ne sous-estimez pas le vôtre.","impact, action"
"Plus le conflit est difficile, plus le triomphe est grand.","Les plus grands succès viennent des plus grands défis.","succès, défis"
"La seule limite à notre épanouissement de demain est nos doutes d'aujourd'hui.","Vos doutes sont les seuls obstacles à votre avenir.","doutes, futur"
"Peu importe la lenteur avec laquelle vous avancez tant que vous ne vous arrêtez pas.","L'essentiel est de continuer à avancer malgré les obstacles.","avance, obstacles"
"Votre temps est limité, ne le gaspillez pas à vivre la vie de quelqu'un d'autre.","Ne perdez pas de temps à vivre selon les attentes des autres.","temps, autonomie"
"L'avenir appartient à ceux qui croient en la beauté de leurs rêves.","Croyez en vos rêves pour les réaliser.","rêves, croyance"
"La meilleure façon de prédire l'avenir est de le créer.","Prenez le contrôle de votre avenir en agissant aujourd'hui.","avenir, action"
"Le seul endroit où le succès vient avant le travail, c'est dans le dictionnaire.","Le travail acharné est la clé du succès.","travail, succès"
"Ce n'est pas parce que c'est difficile qu'on n'ose pas, mais parce qu'on n'ose pas que c'est difficile.","L'audace est nécessaire pour surmonter les défis.","audace, défis"
"Il n'y a qu'une façon d'échouer, c'est d'abandonner avant d'avoir réussi.","Le véritable échec est d'abandonner avant d'atteindre le succès.","échec, persévérance"
"N'attendez pas le moment parfait, prenez le moment et rendez-le parfait.","Ne cherchez pas la perfection, agissez et créez-la.","action, perfection"
"La vie est ce que vous en faites, alors faites-en une aventure.","Voyez la vie comme une aventure à saisir chaque jour.","aventure, vie"
"Le courage n'est pas l'absence de peur, mais la capacité de vaincre ce qui fait peur.","Le courage consiste à agir malgré la peur.","courage, peur"
"Chaque jour est une nouvelle opportunité de changer votre vie.","Chaque jour est une chance de faire mieux.","opportunité, changement"
"Le chemin vers le succès est parsemé d'échecs, ne laissez pas cela vous arrêter.","Les échecs sont des étapes vers le succès.","échec, succès"
"Vous ne pouvez pas traverser la mer simplement en restant debout à regarder l'eau.","Vous devez agir pour réaliser vos objectifs.","action, objectifs"
"Commencez où vous êtes, utilisez ce que vous avez, faites ce que vous pouvez.","Utilisez ce que vous avez pour commencer dès maintenant.","action, commencement"
"Le succès, c'est d'aller d'échec en échec sans perdre son enthousiasme.","Le succès est le fruit de la persévérance malgré les échecs.","persévérance, succès"
"L'échec est le fondement de la réussite.","L'échec est une base solide pour construire la réussite.","échec, réussite"
"Ne rêvez pas de succès, travaillez pour.","Le travail acharné est le véritable chemin vers le succès.","travail, succès"
"Les opportunités ne se produisent pas, vous les créez.","Les opportunités sont créées par vos actions.","opportunité, création"
"Le plus grand risque est de ne prendre aucun risque.","Prendre des risques est essentiel pour progresser.","risques, progrès"
"Croyez que vous pouvez et vous êtes à mi-chemin.","La confiance en soi est le moteur du succès.","confiance, succès"
"Ne laissez pas hier prendre trop de place aujourd'hui.","Ne laissez pas le passé freiner votre progression.","passé, progression"
"Le seul moyen de faire du bon travail est d'aimer ce que vous faites.","La passion est essentielle pour produire un travail de qualité.","passion, travail"
"Si vous voulez quelque chose que vous n'avez jamais eu, vous devez être prêt à faire quelque chose que vous n'avez jamais fait.","Le changement nécessite de sortir de votre zone de confort.","changement, zone de confort"
"La différence entre ordinaire et extraordinaire, c'est ce petit extra.","Les petits efforts cumulés mènent au succès.","efforts, succès"
"Le succès n'est pas dans la grandeur de l'accomplissement, mais dans la persévérance pour y parvenir.","La persévérance est plus importante que la taille de l'accomplissement.","persévérance, accomplissement"
"La seule façon de faire un excellent travail est d'aimer ce que vous faites.","L'amour pour son travail mène à l'excellence.","amour, excellence"
"Le succès, c'est la somme de petits efforts répétés jour après jour.","Le succès est le résultat d'efforts constants.","efforts, constance"
"N'abandonnez pas simplement parce que les choses sont difficiles.","Les défis sont des opportunités de grandir.","défis, opportunités"
"Votre plus grande force réside dans votre capacité à rebondir après un échec.","Votre résilience est votre plus grande force.","résilience, force"
"Vous êtes plus fort que vous ne le pensez.","Le changement commence par soi-même.","changement, soi"
"Le véritable changement commence par vous-même.","Vos actions présentes façonnent votre avenir.","présent, avenir"
"Ce que vous faites aujourd'hui peut améliorer tous vos lendemains.","Surmonter la peur est la clé du succès.","peur, succès"
"Le succès consiste à surmonter la peur de l'échec.","Le succès consiste à surmonter la peur de l'échec pour atteindre vos objectifs.","peur, succès, objectifs"
