client_id,prenom,nom,email,pays
1,Anastasie,Delattre,alexandria74@example.org,France
2,Pierre,Imbert,guillonanne@example.com,France
3,Jacques,Lesage,franck11@example.com,France
4,Éric,Brunel,claudine70@example.com,France
5,Nathalie,Paris,bphilippe@example.org,France
6,Lucy,Launay,philippe31@example.com,France
7,Zacharie,Navarro,cfabre@example.org,France
8,Célina,Camus,agnesroger@example.com,France
9,Suzanne,Julien,jpires@example.net,France
10,Émilie,Vincent,elisabethhubert@example.com,France
11,Marguerite,Brunet,qjean@example.org,France
12,Paulette,Cousin,bvaillant@example.com,France
13,Yves,Joseph,speltier@example.org,France
14,Marcel,Guillot,anais10@example.org,France
15,Grégoire,Lejeune,paulettemoulin@example.net,France
16,Émilie,Gautier,pfernandes@example.net,France
17,Édith,Le Gall,zoe82@example.com,France
18,Laure,Alexandre,zgregoire@example.com,France
19,Lucy,Roux,germainetienne@example.com,France
20,Susan,Morvan,leducchristine@example.net,France
21,Augustin,Nguyen,xandre@example.org,France
22,Denise,Torres,antoinettesauvage@example.net,France
23,Thibault,Lombard,adriennemarty@example.com,France
24,Lorraine,François,gerard93@example.com,France
25,Anastasie,Caron,wpruvost@example.com,France
26,Anne,Renault,timotheeduhamel@example.com,France
27,Georges,Ruiz,rousseauphilippine@example.com,France
28,Frédéric,Rocher,hneveu@example.com,France
29,Martine,Verdier,girardsylvie@example.org,France
30,Thérèse,Millet,dbonneau@example.com,France
31,Zoé,Humbert,stephanebouvier@example.com,France
32,Susan,Pasquier,genevieve59@example.org,France
33,Olivier,Guilbert,joseph42@example.com,France
34,Benoît,Gallet,parentluce@example.net,France
35,Luc,Robert,collinpatricia@example.net,France
36,Camille,Besnard,sanchezlouise@example.org,France
37,Denise,Ledoux,giraudelisabeth@example.org,France
38,Alexandria,De Oliveira,frederic41@example.net,France
39,Emmanuelle,Ollivier,rodriguezphilippe@example.net,France
40,Louise,Poulain,gabrielle08@example.org,France
41,Charlotte,Vidal,paulnoel@example.net,France
42,Susan,Le Goff,imenard@example.org,France
43,Paul,Leblanc,laure62@example.com,France
44,Pierre,Laroche,emiliebourgeois@example.com,France
45,Joséphine,Rossi,bonneaugabrielle@example.org,France
46,Julien,Traore,baudryjeannine@example.org,France
47,Vincent,Martel,slaine@example.com,France
48,Julie,Hubert,parenttherese@example.org,France
49,Bernadette,Pons,roger89@example.com,France
50,Émile,Fabre,umaillot@example.com,France
51,Martine,Roche,alixjacques@example.org,France
52,Michelle,Mercier,aseguin@example.org,France
53,Isaac,Rémy,richardaubert@example.com,France
54,Matthieu,Brunel,odettechartier@example.org,France
55,Diane,Voisin,fbazin@example.com,France
56,Luc,Lecoq,hortense94@example.net,France
57,Matthieu,Guillet,suzannechauvin@example.org,France
58,Élise,Boucher,gilbertmillet@example.com,France
59,Denise,Boutin,lmoreno@example.net,France
60,Victor,Durand,humbertmarguerite@example.org,France
61,Henri,Bonnet,valentine27@example.org,France
62,Adèle,Mahe,zcarpentier@example.net,France
63,Célina,Mary,remylopes@example.com,France
64,Hortense,Schmitt,annevaillant@example.com,France
65,Éric,Bousquet,honorefoucher@example.org,France
66,Bertrand,Parent,noelveronique@example.com,France
67,Émilie,Lenoir,hugues65@example.org,France
68,Corinne,Bodin,lejeuneclemence@example.net,France
69,Thierry,Allard,ebecker@example.net,France
70,Emmanuel,Cohen,nathalie46@example.com,France
71,Geneviève,Gérard,claudinecollin@example.net,France
72,Luc,Brunet,ovidal@example.com,France
73,Thibault,Rocher,remy79@example.net,France
74,Claire,Nguyen,edouardperrot@example.org,France
75,Michèle,Meyer,zriviere@example.net,France
76,Honoré,Bourgeois,chevalierantoine@example.org,France
77,Juliette,Guyon,timotheerichard@example.com,France
78,Paulette,Marchal,frederiquerousset@example.net,France
79,Éléonore,Marques,jguillaume@example.org,France
80,Diane,Mace,olivier67@example.com,France
81,Richard,Benoit,vmarie@example.net,France
82,Laurent,Leclerc,david10@example.com,France
83,Anouk,Vallée,emile83@example.org,France
84,Nicole,Alves,rtecher@example.com,France
85,Véronique,Lopes,michele40@example.net,France
86,Raymond,Breton,fernandezrene@example.com,France
87,Audrey,Chartier,paul38@example.net,France
88,Marcelle,Perret,lucejacquet@example.com,France
89,Maurice,Perez,mgautier@example.com,France
90,Victor,Leduc,emilie91@example.org,France
91,Céline,Georges,xavierriviere@example.org,France
92,Laetitia,Garnier,mendesbernadette@example.net,France
93,Inès,Joly,bernardleroux@example.com,France
94,Julien,Fontaine,aimemorel@example.net,France
95,Honoré,Perrot,obertrand@example.com,France
96,Élisabeth,Carpentier,cdurand@example.net,France
97,Joseph,Moreau,marcel84@example.net,France
98,Maurice,Caron,ulopez@example.org,France
99,Étienne,Blanchard,auguste72@example.org,France
100,Françoise,Brunet,blotmarcel@example.com,France
101,Sophie,Andre,uguerin@example.net,France
102,Jean,Pasquier,antoineeleonore@example.com,France
103,André,Rolland,devauxarthur@example.org,France
104,Nathalie,Vidal,julie14@example.org,France
105,Laure,Antoine,paulettehamon@example.com,France
106,Danielle,Fischer,ndavid@example.com,France
107,Nathalie,Jacques,isabelle85@example.net,France
108,Madeleine,Michaud,hfernandes@example.com,France
109,Étienne,Gilbert,louise30@example.net,France
110,Alice,Garcia,jeannine23@example.org,France
111,Laetitia,Ledoux,suzannemendes@example.org,France
112,Gilbert,Carre,kbertin@example.net,France
113,Rémy,Duval,louisaurelie@example.com,France
114,Astrid,Joly,alexandrestephanie@example.net,France
115,Madeleine,Bazin,robertregnier@example.net,France
116,Joséphine,Masson,lacombepatricia@example.net,France
117,Thierry,Lacombe,ypotier@example.org,France
118,Xavier,Morel,suzanne10@example.com,France
119,Raymond,Masse,rriviere@example.net,France
120,Adrienne,Ferrand,benoit09@example.net,France
121,Tristan,Grondin,suzannelopez@example.net,France
122,Geneviève,Morel,alfred65@example.org,France
123,Jules,Lejeune,bonnincharlotte@example.net,France
124,Marie,Delaunay,francois56@example.com,France
125,Christophe,Rolland,wweiss@example.com,France
126,Susan,Henry,roger49@example.net,France
127,Isabelle,Hernandez,veroniquebouvet@example.net,France
128,Alphonse,Germain,marthemaillot@example.net,France
129,Margot,Fournier,inguyen@example.com,France
130,Antoine,Rousseau,patrick29@example.net,France
131,Gabrielle,Lemaire,chevaliersabine@example.com,France
132,Laurence,Hamel,aime46@example.org,France
133,Théodore,Rocher,adele71@example.org,France
134,Thierry,Aubry,william85@example.net,France
135,Alfred,Rossi,lalves@example.net,France
136,Alain,Berger,simonemartinez@example.net,France
137,Noémi,Barthelemy,martinezvalentine@example.net,France
138,Odette,Da Silva,gerard46@example.org,France
139,Agathe,Bertrand,laurence09@example.org,France
140,Alfred,Clerc,renardgilles@example.net,France
141,Denise,Becker,christine37@example.com,France
142,Étienne,Gérard,dcharpentier@example.org,France
143,Georges,Pierre,obonneau@example.net,France
144,Virginie,Guyon,colasthierry@example.org,France
145,Christelle,Meyer,fournieradrienne@example.com,France
146,Lucy,Rolland,simonebailly@example.net,France
147,Mathilde,Faure,francoiseschneider@example.net,France
148,Nathalie,Torres,francois94@example.com,France
149,Alain,Jacquot,patrickmarin@example.com,France
150,Susan,Ollivier,jeromebreton@example.com,France
151,Alice,Lévy,laportegilbert@example.org,France
152,Yves,Hubert,ygomes@example.com,France
153,Jeanne,Hoareau,adelaide22@example.com,France
154,Laure,Pinto,elisabeth56@example.net,France
155,Alex,Ferreira,bourdonmichele@example.org,France
156,Robert,Regnier,michelcolin@example.net,France
157,Bernard,Barre,simone17@example.org,France
158,Franck,Delattre,maryse41@example.net,France
159,Roland,Bodin,charrierlouise@example.com,France
160,Henri,Delattre,maryseguyon@example.com,France
161,Thierry,Pineau,alexandre33@example.org,France
162,Nath,Hamon,charles26@example.net,France
163,Astrid,Hervé,potierpaul@example.net,France
164,Renée,Marion,colaseric@example.org,France
165,Lucy,Fernandes,christianeperrin@example.org,France
166,Clémence,Legendre,kbonneau@example.com,France
167,Lucie,Munoz,ypages@example.org,France
168,Aurore,Richard,martinelejeune@example.org,France
169,Céline,Maréchal,wrousset@example.net,France
170,Susan,Pinto,igaillard@example.org,France
171,Andrée,Jacques,margaud34@example.com,France
172,Paul,Ramos,fredericlebon@example.org,France
173,Claudine,Poirier,bouchetadrien@example.org,France
174,Manon,Renaud,ribeiroroland@example.org,France
175,Emmanuel,Deschamps,martine12@example.com,France
176,Denise,Leleu,blancarnaude@example.net,France
177,Valérie,Martinez,renee78@example.org,France
178,Luc,Gauthier,clementmartin@example.org,France
179,Simone,De Oliveira,anastasieremy@example.org,France
180,Virginie,Parent,jacquetcharlotte@example.org,France
181,Nicole,Hamon,smonnier@example.net,France
182,Véronique,Maury,wlaunay@example.net,France
183,Anouk,Roussel,garnierdorothee@example.org,France
184,Lucas,Guérin,hpeltier@example.org,France
185,Marcelle,Duhamel,rtoussaint@example.net,France
186,Nicole,Barre,amelieturpin@example.org,France
187,François,Jacques,bertrandaime@example.com,France
188,Vincent,Becker,renee67@example.com,France
189,Christelle,Duval,fantoine@example.net,France
190,Gabriel,Pichon,wmasse@example.org,France
191,Yves,Jacquet,luc82@example.net,France
192,Alfred,Jacquet,cguyot@example.org,France
193,Henri,Guillon,joubertolivier@example.net,France
194,Guillaume,Allain,michelefaure@example.org,France
195,Denise,Hoarau,barrefranck@example.org,France
196,Christelle,Teixeira,laurentantoine@example.net,France
197,Élodie,Duval,olivie01@example.org,France
198,Étienne,Boulanger,margaretbodin@example.com,France
199,Daniel,Mahe,edith23@example.net,France
200,Madeleine,Traore,gilbertfouquet@example.com,France
201,Aimée,Bouvet,christinelesage@example.net,France
202,Madeleine,Gaudin,robinsophie@example.com,France
203,Susanne,Lefort,xavier02@example.org,France
204,Bernard,Paris,wfaure@example.org,France
205,Hortense,Denis,gimenezclaude@example.com,France
206,Frédéric,Olivier,blanchardaimee@example.net,France
207,Julie,Lesage,laportetheophile@example.net,France
208,Guillaume,Duval,celina93@example.org,France
209,Élise,Robin,deniseclement@example.org,France
210,Pierre,Lecomte,vincent91@example.org,France
211,Édith,Gonzalez,adrienfournier@example.com,France
212,Thibaut,Labbé,margauxdurand@example.com,France
213,Paulette,Bodin,jcamus@example.net,France
214,Jeanne,Jourdan,neveueleonore@example.net,France
215,Alix,Legros,vincentpaulette@example.net,France
216,Élisabeth,Perez,ctexier@example.net,France
217,Vincent,Gaudin,marine90@example.org,France
218,Élise,Normand,martinsalex@example.net,France
219,Léon,Lévy,levequepatricia@example.net,France
220,Célina,Mahe,garciachristiane@example.org,France
221,Marine,Guichard,devauxsuzanne@example.net,France
222,Lucie,Dumont,marcblanchet@example.net,France
223,Camille,Humbert,irousseau@example.com,France
224,Joséphine,Bigot,jeanneolivier@example.com,France
225,Émile,Guyot,ateixeira@example.net,France
226,Chantal,Neveu,pbousquet@example.com,France
227,Victor,Morin,matthieuchauvet@example.org,France
228,Aimé,Germain,julesgilbert@example.net,France
229,Antoinette,Leroy,sauvagelaure@example.com,France
230,Margot,Noël,bourdonsuzanne@example.com,France
231,Louis,Guillon,rene77@example.org,France
232,Inès,Becker,claire18@example.com,France
233,Christelle,Clerc,tcordier@example.com,France
234,Colette,Andre,marcelle32@example.com,France
235,Aimée,Maillot,lucy72@example.net,France
236,Françoise,Dos Santos,helenelagarde@example.org,France
237,Christelle,Bousquet,jeanneseguin@example.org,France
238,Françoise,Perret,christinerousset@example.com,France
239,Constance,Guillot,yvesgallet@example.net,France
240,Claude,Prévost,alain64@example.org,France
241,Martin,Chauveau,couturierjosette@example.org,France
242,Frédéric,Turpin,virginiepeltier@example.org,France
243,Jeanne,Georges,prevostagathe@example.org,France
244,Nathalie,Pages,nathalie82@example.org,France
245,Denis,Delahaye,seguingabrielle@example.com,France
246,Aurélie,Guyot,langloisnathalie@example.com,France
247,Martine,Giraud,aurore18@example.com,France
248,Hortense,Seguin,fernandezguillaume@example.net,France
249,Denise,Toussaint,virginienormand@example.org,France
250,Juliette,Briand,sdumont@example.net,France
251,Olivier,Lemaître,bertrandedouard@example.com,France
252,Guy,Georges,luce66@example.org,France
253,Claudine,Roy,josephine68@example.net,France
254,Anastasie,Munoz,gabrielpottier@example.net,France
255,Lucy,Barthelemy,bertrandjoly@example.net,France
256,Océane,Gillet,cvasseur@example.com,France
257,Honoré,Bruneau,besnardraymond@example.com,France
258,Yves,Maillot,allardphilippine@example.com,France
259,Amélie,Loiseau,sleclerc@example.net,France
260,Guillaume,Lamy,fischerjeanne@example.org,France
261,Colette,Lebreton,thierryalix@example.com,France
262,Christelle,Moreno,pauline61@example.com,France
263,Jeanne,Reynaud,patrick00@example.com,France
264,Philippe,Fouquet,dominique80@example.org,France
265,Arnaude,Mercier,mauricebonnet@example.net,France
266,Bertrand,Jean,margaux39@example.org,France
267,Françoise,Raymond,qbruneau@example.net,France
268,Nathalie,De Sousa,de-oliveirachristophe@example.net,France
269,Michelle,Hoarau,arnaude25@example.net,France
270,Hortense,Simon,claudine50@example.org,France
271,Adèle,Pierre,wtessier@example.com,France
272,Victoire,Deschamps,pintohenri@example.net,France
273,Margot,Grégoire,cbouchet@example.net,France
274,Lucie,Jacquot,jmorel@example.org,France
275,Denis,Breton,grenieralexandria@example.com,France
276,Matthieu,Charrier,rdos-santos@example.net,France
277,Timothée,Maurice,fredericgodard@example.org,France
278,Christophe,Maury,hlucas@example.org,France
279,Marine,Guyot,sfoucher@example.org,France
280,Bernadette,Sauvage,flaine@example.org,France
281,Madeleine,Duhamel,corinnegimenez@example.org,France
282,Alexandrie,Laine,elisabeth84@example.org,France
283,Théophile,Lopes,frederic21@example.org,France
284,Emmanuelle,Clément,danielpenelope@example.org,France
285,Charlotte,Pages,emile74@example.com,France
286,Élisabeth,Dupuis,fleurylaurent@example.net,France
287,Laure,Brunel,coletteriviere@example.com,France
288,Guillaume,Gros,nbenoit@example.net,France
289,Xavier,Lacombe,marianne45@example.com,France
290,Raymond,Menard,georgeshumbert@example.net,France
291,Claudine,Joly,laurencegilles@example.org,France
292,Anastasie,Blondel,nicoleandre@example.com,France
293,Matthieu,Marchal,cpelletier@example.org,France
294,Emmanuel,Benoit,camillecordier@example.net,France
295,Emmanuel,Marie,jean25@example.org,France
296,Raymond,Garnier,zpoirier@example.net,France
297,Étienne,Moreno,xmercier@example.org,France
298,Simone,Guillot,anaispetitjean@example.com,France
299,Thibault,Munoz,nchretien@example.net,France
300,Cécile,Delannoy,frousset@example.com,France
301,Benjamin,Durand,eugenemarchal@example.org,France
302,Odette,Voisin,frederiqueguerin@example.net,France
303,Théophile,Perez,xalexandre@example.org,France
304,Camille,Jacquet,alainbernier@example.com,France
305,Catherine,Collet,claude75@example.org,France
306,Jeanne,Joseph,charlottebouvier@example.org,France
307,Agathe,Leroy,ule-goff@example.org,France
308,Philippe,Masse,chevalliersuzanne@example.com,France
309,Hortense,Andre,nmartineau@example.net,France
310,Nathalie,Garcia,caroline40@example.org,France
311,Georges,Garcia,charlesthibaut@example.net,France
312,Georges,Alexandre,louismartin@example.org,France
313,Élisabeth,Giraud,guilloumargot@example.org,France
314,Rémy,Gomes,gregoireblondel@example.org,France
315,Éric,Pelletier,genevieveleduc@example.net,France
316,Laetitia,Perret,theodore34@example.net,France
317,Robert,Pinto,madeleine68@example.net,France
318,Maurice,Lopes,edithferrand@example.net,France
319,Stéphane,Martins,olivierlebrun@example.com,France
320,Bernard,Techer,henriettepereira@example.net,France
321,Denis,Leconte,julienlebon@example.net,France
322,Dorothée,Tessier,nicolas08@example.org,France
323,Édith,Texier,dwagner@example.org,France
324,Thibaut,Dupré,lblondel@example.org,France
325,Timothée,Coste,andree24@example.com,France
326,Jean,Blanchet,kleinfrancois@example.com,France
327,Jeanne,Jacquet,lguillou@example.com,France
328,Valérie,Laroche,augusteleroy@example.net,France
329,Guillaume,Hamon,zacharie05@example.net,France
330,Gilles,Sauvage,daniel73@example.org,France
331,Georges,Benard,kboutin@example.net,France
332,Christine,Alves,marianne16@example.org,France
333,Christine,Allain,dos-santosmargaret@example.net,France
334,Michelle,Chevalier,lucie05@example.org,France
335,Virginie,Launay,tclerc@example.net,France
336,Théophile,Pinto,normandedouard@example.com,France
337,Laure,Jean,josephinegrondin@example.org,France
338,Thibault,Chrétien,alicegermain@example.com,France
339,Aimée,Carpentier,bretonjulie@example.org,France
340,Claude,Guillot,tnguyen@example.com,France
341,Maryse,Gaudin,brigitte21@example.org,France
342,Bernadette,Blanchet,cschmitt@example.com,France
343,Nath,Cousin,martherossi@example.net,France
344,Benjamin,Verdier,fernandezanastasie@example.com,France
345,Henri,Costa,matthieu79@example.net,France
346,Célina,Gilles,josephhelene@example.net,France
347,Juliette,Renault,marionsusan@example.com,France
348,Thibaut,Pons,valletamelie@example.com,France
349,Michelle,Muller,susanwagner@example.com,France
350,Caroline,Guyot,edouard53@example.net,France
351,Alain,Hardy,lrodriguez@example.com,France
352,Benjamin,Henry,germainbenoit@example.com,France
353,Geneviève,Collin,plevy@example.org,France
354,Matthieu,Didier,isabelle79@example.net,France
355,Capucine,Lacombe,da-costaemilie@example.org,France
356,Chantal,Delmas,urossi@example.com,France
357,Thomas,Julien,lucerolland@example.org,France
358,Olivier,Hamon,jeanperrier@example.com,France
359,Arthur,Thomas,ablanchet@example.net,France
360,Eugène,Jacob,riouroland@example.org,France
361,Marc,Ribeiro,lucaspauline@example.net,France
362,Pénélope,Voisin,teixeiraaugustin@example.net,France
363,Emmanuelle,Marty,laurentbenjamin@example.org,France
364,Paul,Vincent,brunetoceane@example.org,France
365,Anne,Faure,franckdaniel@example.net,France
366,Manon,Loiseau,margaux81@example.com,France
367,Arthur,Mallet,lefortmargaud@example.net,France
368,Gilles,Breton,christiane59@example.com,France
369,Dominique,Poulain,margauxweber@example.org,France
370,Véronique,Lemonnier,tristan89@example.org,France
371,Stéphane,Duval,fdubois@example.org,France
372,Emmanuel,Besnard,oliviemeunier@example.org,France
373,Joseph,Le Gall,gerard04@example.com,France
374,Édith,Fontaine,bbreton@example.net,France
375,Margaux,Lebon,grosarthur@example.org,France
376,Alix,Collet,lucy49@example.org,France
377,Zacharie,Leclerc,raymond54@example.net,France
378,Édith,Pelletier,lefebvretheodore@example.net,France
379,Isabelle,Gonzalez,garniermichelle@example.com,France
380,Gérard,Garnier,luciebaudry@example.com,France
381,Maryse,Baudry,arnaudelouis@example.net,France
382,Guillaume,Nguyen,philipperousset@example.org,France
383,Isabelle,Guibert,lucas75@example.com,France
384,Olivie,Aubert,mlaporte@example.com,France
385,Alexandria,Rousseau,emilieparent@example.net,France
386,Sylvie,Vidal,richard07@example.org,France
387,Nath,Garnier,dumontclaude@example.net,France
388,Camille,Seguin,couturiersusan@example.com,France
389,Grégoire,Blanc,sylvie60@example.net,France
390,Élodie,Neveu,jtexier@example.com,France
391,Hélène,Bailly,opicard@example.org,France
392,Pénélope,Picard,zpruvost@example.org,France
393,Bernard,Delahaye,guichardluc@example.org,France
394,Lorraine,Lévêque,brigittecousin@example.net,France
395,Lucy,Aubert,dupuyclaire@example.org,France
396,Théophile,Launay,auguste38@example.net,France
397,Nathalie,Delahaye,andree26@example.com,France
398,Jean,Bazin,rogerrobert@example.org,France
399,Éléonore,Lacroix,ycamus@example.com,France
400,Juliette,Germain,emiliegarcia@example.org,France
401,Gabriel,Robert,djacquet@example.com,France
402,Gabriel,Aubert,richard50@example.org,France
403,Martin,Blanchard,madeleinepetit@example.org,France
404,Marcelle,Gauthier,alicebarbier@example.org,France
405,Laure,Thierry,guichardmartin@example.org,France
406,Michelle,Chauvet,emathieu@example.net,France
407,Brigitte,Olivier,margaud73@example.org,France
408,Auguste,Leclerc,sbrunel@example.org,France
409,Xavier,David,christinegimenez@example.com,France
410,Rémy,Lemonnier,raymond89@example.net,France
411,Joséphine,Ruiz,julie98@example.net,France
412,Aurore,Thomas,moulinpenelope@example.com,France
413,Bernadette,Bertrand,vincent02@example.net,France
414,Guillaume,Teixeira,laetitia12@example.com,France
415,Susan,Pichon,chartieralice@example.net,France
416,Denis,Cousin,dianelaroche@example.org,France
417,Luc,Vasseur,jeanlefort@example.net,France
418,Arthur,Le Roux,pauline77@example.net,France
419,Chantal,Dos Santos,lperret@example.net,France
420,Adélaïde,Delattre,marie12@example.net,France
421,Suzanne,Picard,eevrard@example.com,France
422,Bernard,Poulain,margotbecker@example.net,France
423,Anastasie,Tanguy,hnormand@example.org,France
424,Corinne,Guillot,jeanninefaivre@example.com,France
425,Alexandre,Sauvage,honore46@example.net,France
426,Éléonore,Bazin,edelorme@example.org,France
427,Rémy,Da Costa,gchauvet@example.net,France
428,Olivie,Mendès,aubrybrigitte@example.com,France
429,Thomas,Hernandez,richard44@example.org,France
430,Margaud,Thibault,martine94@example.org,France
431,Antoine,Fischer,nicolebarbe@example.net,France
432,Monique,Dumont,manon85@example.org,France
433,Honoré,Duval,capucinediallo@example.org,France
434,Guillaume,Salmon,rhubert@example.net,France
435,Raymond,Laine,andrethierry@example.net,France
436,Henri,Le Gall,chantal15@example.net,France
437,Richard,Maillet,etienne81@example.net,France
438,Isabelle,Marty,moniqueleblanc@example.org,France
439,Hélène,Mahe,tmartel@example.net,France
440,Catherine,Chartier,gabriellelopes@example.net,France
441,Margaux,Masson,noel51@example.org,France
442,Marguerite,Gauthier,adelaide64@example.net,France
443,Madeleine,Rolland,igerard@example.com,France
444,Guillaume,Gautier,mercierthibault@example.org,France
445,Arnaude,Camus,luce34@example.org,France
446,Thibault,Raynaud,rodriguesvictoire@example.net,France
447,Margaud,Seguin,anoukjoubert@example.com,France
448,William,Garnier,stephanebecker@example.net,France
449,Lucy,Leclercq,philippine80@example.net,France
450,Margot,Rémy,astridfischer@example.com,France
451,Hélène,Monnier,lorraine50@example.org,France
452,Alex,Pottier,jacquesgrondin@example.com,France
453,Julien,Moreno,theophiletanguy@example.org,France
454,Paulette,Imbert,mrichard@example.com,France
455,Émile,Martin,adelevallee@example.org,France
456,Thierry,Le Gall,hubertbrigitte@example.com,France
457,Alice,Allain,anais94@example.com,France
458,Jeannine,Aubert,margaudmartinez@example.org,France
459,Gérard,Fontaine,boyermargaud@example.net,France
460,Clémence,Dijoux,antoinette31@example.org,France
461,Susan,Gaudin,fhoarau@example.org,France
462,Valentine,Bertin,duvalmadeleine@example.net,France
463,Augustin,Merle,leonguibert@example.com,France
464,Clémence,Paul,virginie43@example.com,France
465,Lucas,Marie,tcoste@example.net,France
466,Jules,Marin,qcarpentier@example.net,France
467,Adèle,Adam,tristan68@example.com,France
468,Emmanuel,Charles,josephcoulon@example.net,France
469,Patrick,Caron,daniellegomez@example.org,France
470,Manon,Alexandre,helene12@example.com,France
471,Maryse,Gilbert,adrienne94@example.com,France
472,Alphonse,Colas,audrey10@example.net,France
473,Gilbert,Tanguy,eleclerc@example.net,France
474,Georges,Guillet,gabrielle92@example.com,France
475,Joséphine,Boutin,schneiderthibaut@example.org,France
476,Virginie,Lambert,laurence17@example.net,France
477,Jacqueline,Martins,constance69@example.net,France
478,Stéphanie,Lebreton,levymichelle@example.com,France
479,Jérôme,Dumont,mathildemarques@example.org,France
480,Auguste,Grondin,gauthieraime@example.org,France
481,Audrey,Gilles,barthelemytristan@example.com,France
482,Luc,Cordier,marquesfrancois@example.com,France
483,Anouk,Tessier,margaudguyot@example.org,France
484,Alexandre,Mace,nfischer@example.com,France
485,Christophe,Guérin,uvalentin@example.com,France
486,Benjamin,Delaunay,caroline77@example.com,France
487,Véronique,Blondel,rroussel@example.org,France
488,Élise,Mathieu,stephanie87@example.org,France
489,Franck,Texier,arthurpoulain@example.com,France
490,Véronique,Schneider,josephinevoisin@example.net,France
491,Suzanne,Aubert,cohenhonore@example.net,France
492,Simone,Alexandre,danielleloiseau@example.com,France
493,Thomas,Rey,rocherhugues@example.net,France
494,Maryse,Vaillant,mauricesylvie@example.net,France
495,Gabrielle,Clément,coletteledoux@example.com,France
496,Dorothée,Grenier,xnicolas@example.org,France
497,Christiane,Delorme,rene27@example.com,France
498,Laurence,Marion,renee36@example.org,France
499,Élisabeth,Schneider,odette76@example.net,France
500,Manon,Pascal,kmorel@example.net,France
501,Alex,Albert,besnardmichel@example.net,France
502,Margaud,Costa,philippineribeiro@example.com,France
503,Aimé,Hamon,michele67@example.net,France
504,Amélie,Rodriguez,michelepascal@example.org,France
505,Adrienne,Lombard,sebastien16@example.net,France
506,Patrick,Sanchez,nlegendre@example.com,France
507,Joséphine,Collet,astridjoubert@example.org,France
508,Brigitte,Dupuy,pauline86@example.com,France
509,Aimée,Leconte,auguste61@example.org,France
510,Margaret,Joly,stephane25@example.org,France
511,David,Vallée,arnaudebenoit@example.com,France
512,Olivie,Lejeune,macemarianne@example.net,France
513,Alex,Millet,zgermain@example.net,France
514,Margaud,Gimenez,ofaivre@example.org,France
515,Stéphanie,Techer,labbemargaud@example.org,France
516,Isabelle,Meunier,laurent71@example.com,France
517,Franck,Lemaire,thibaut24@example.net,France
518,Bernadette,Guillaume,claudine36@example.org,France
519,Arthur,Barre,mathieudorothee@example.net,France
520,Grégoire,Cordier,ydupre@example.org,France
521,Marguerite,Marin,georgesdelattre@example.org,France
522,Luce,Pasquier,hernandezedith@example.com,France
523,Marine,Leroux,philippinelejeune@example.com,France
524,Aimé,De Oliveira,iberger@example.com,France
525,Madeleine,Aubry,parenteric@example.org,France
526,Pauline,Maillet,aimeepasquier@example.com,France
527,Denis,De Sousa,christianepayet@example.com,France
528,Diane,Roche,chauvetnath@example.com,France
529,Raymond,Legendre,josephine96@example.org,France
530,Thierry,Ruiz,ylucas@example.net,France
531,Daniel,Blanc,laurentcollin@example.com,France
532,Valentine,Michel,faureaimee@example.com,France
533,Alfred,Mace,bernadettemary@example.org,France
534,Emmanuel,Vaillant,paulineherve@example.com,France
535,Martin,Monnier,margarethebert@example.net,France
536,Marcelle,Legrand,charrierclemence@example.org,France
537,Robert,Thomas,anais78@example.org,France
538,Christiane,Dupuis,udelaunay@example.com,France
539,Raymond,Dumas,neveuclaude@example.org,France
540,Hélène,Daniel,tlenoir@example.net,France
541,Monique,Louis,gomezbernard@example.net,France
542,Xavier,Grondin,qcarre@example.com,France
543,Madeleine,Hoarau,tristanperon@example.org,France
544,Arthur,Lebreton,imbertanouk@example.org,France
545,Andrée,Leclerc,blancfrancois@example.net,France
546,Joséphine,Leroy,lucielegros@example.org,France
547,Louis,Hernandez,yneveu@example.net,France
548,Suzanne,Lopez,luclambert@example.net,France
549,Hortense,Lemonnier,victor57@example.org,France
550,Noël,Lacombe,hamelmaryse@example.org,France
551,Jeannine,Lefort,louisnavarro@example.org,France
552,Sabine,Lambert,marianneleconte@example.com,France
553,Anaïs,Pons,lucy60@example.com,France
554,Louis,Klein,jacquesvoisin@example.org,France
555,Océane,Carre,thibault89@example.org,France
556,Sylvie,Blanchard,ifaure@example.net,France
557,Laurence,Coste,lucpichon@example.com,France
558,Henri,Peron,agathe94@example.org,France
559,Jacqueline,Dupuy,adele37@example.com,France
560,Sabine,Bruneau,christianeherve@example.com,France
561,Guillaume,Duhamel,gmarques@example.net,France
562,Denise,Bonneau,garcianoel@example.net,France
563,Marianne,Leleu,garniermargaud@example.com,France
564,Pauline,Guyon,ipottier@example.com,France
565,Manon,Rousseau,victor91@example.com,France
566,Guillaume,Bertrand,hsimon@example.org,France
567,Sébastien,Marie,pagesmarie@example.org,France
568,Christiane,Blanc,oliviermarie@example.org,France
569,Arnaude,Descamps,henriette06@example.com,France
570,Anastasie,Laine,ypierre@example.com,France
571,Margaud,Gosselin,victor68@example.net,France
572,Anaïs,Fernandez,paul36@example.com,France
573,Claude,Ruiz,adelaideleclerc@example.com,France
574,Monique,Leblanc,morvancorinne@example.com,France
575,Gérard,Jacob,tperez@example.org,France
576,Michèle,Moreau,andree86@example.net,France
577,Lorraine,Faure,wletellier@example.net,France
578,Thibaut,Schmitt,smoreno@example.com,France
579,Nathalie,Bonneau,beckerhenriette@example.com,France
580,Sabine,Hoareau,tristanboucher@example.org,France
581,Michel,Pottier,robert34@example.net,France
582,Paulette,Voisin,fauresusan@example.com,France
583,Bernadette,Blanchet,noemi22@example.org,France
584,Amélie,Guillou,corinneguyot@example.net,France
585,Michel,Leduc,vguillou@example.com,France
586,Alexandria,Hervé,adelaide30@example.com,France
587,Cécile,Colas,eleonore18@example.org,France
588,Juliette,Jacques,moreaubenjamin@example.net,France
589,Georges,Leroux,frederique82@example.com,France
590,Benjamin,Gros,perrotarthur@example.com,France
591,Jacqueline,Jacques,vasseurjulie@example.org,France
592,Zoé,Garnier,gdelaunay@example.net,France
593,Zacharie,Lelièvre,adelaide30@example.org,France
594,Pénélope,Garnier,josephine40@example.org,France
595,Adèle,Hoareau,charlesrenee@example.org,France
596,Olivier,Samson,payetmarine@example.net,France
597,Alphonse,Morvan,gaillardjulie@example.com,France
598,Roger,Clément,laetitia84@example.org,France
599,Augustin,Fernandes,sabinegimenez@example.com,France
600,Zacharie,Guillet,benoitmarine@example.net,France
601,Christine,Gillet,charlesmarcelle@example.org,France
602,Michelle,Marques,aimechauvin@example.com,France
603,Xavier,Aubert,cferrand@example.net,France
604,Mathilde,Hoareau,noemilombard@example.net,France
605,Margot,Chauveau,simone92@example.com,France
606,Antoine,Charpentier,louispierre@example.com,France
607,Luc,Lagarde,laportemarthe@example.org,France
608,Claude,Fischer,christophe88@example.com,France
609,Jules,Dupuis,simone74@example.com,France
610,Aurélie,Martins,ybegue@example.org,France
611,Marc,Perrot,charles71@example.com,France
612,Marie,Julien,celina50@example.net,France
613,Andrée,Meyer,pauline83@example.org,France
614,Alexandria,Bazin,bertrandchauvin@example.org,France
615,Roger,Alves,poirierbertrand@example.org,France
616,Danielle,Techer,hortenseberthelot@example.com,France
617,Édith,Mathieu,margaudmasse@example.net,France
618,Élodie,Bernier,christelle07@example.net,France
619,Olivier,Hervé,delannoynoemi@example.net,France
620,Thérèse,Lemonnier,rolandbruneau@example.net,France
621,Stéphanie,Normand,adriennelopez@example.net,France
622,Julie,Brunet,marcelpruvost@example.org,France
623,Margaret,Parent,marquesjoseph@example.com,France
624,Françoise,Carre,vverdier@example.org,France
625,Victoire,Allard,marcelbouvet@example.com,France
626,Aimé,Petitjean,sebastien24@example.com,France
627,Audrey,Besnard,julienmargaux@example.org,France
628,Gabriel,Laurent,gilbert17@example.com,France
629,Zoé,Dias,adriennele-roux@example.net,France
630,Mathilde,Salmon,jolyisaac@example.net,France
631,Alain,Georges,oweber@example.net,France
632,Noémi,Meunier,hferreira@example.net,France
633,Sabine,Laroche,laurentmarchand@example.org,France
634,Gilles,Lemoine,francoise17@example.org,France
635,Célina,Sanchez,sle-roux@example.com,France
636,Tristan,Lucas,padam@example.net,France
637,Véronique,Da Costa,baillychristiane@example.com,France
638,Léon,Pereira,lecomtematthieu@example.com,France
639,Agnès,Collin,patricia23@example.net,France
640,Joseph,Pascal,patriciaboulanger@example.net,France
641,Adèle,Lenoir,sophiemarion@example.org,France
642,Marc,Georges,egerard@example.net,France
643,Marie,Colas,celinabigot@example.org,France
644,Anaïs,Charles,julien11@example.com,France
645,Patricia,Roger,renejulien@example.org,France
646,Virginie,Bigot,bouvetstephane@example.com,France
647,Thierry,Martin,michel28@example.com,France
648,Gilles,Regnier,antoinette75@example.com,France
649,Astrid,Gallet,morvantheophile@example.com,France
650,Victoire,Berthelot,bernardmaury@example.org,France
651,Susan,Vallet,richardgerard@example.net,France
652,Étienne,Olivier,fischermarthe@example.org,France
653,Maggie,Dos Santos,dupuygregoire@example.net,France
654,Joséphine,Blanc,scarre@example.org,France
655,Arthur,Boutin,roger65@example.org,France
656,Arnaude,Guyon,celineboulay@example.org,France
657,Agathe,Traore,pbreton@example.org,France
658,Grégoire,Millet,thereseletellier@example.net,France
659,Adrien,Ledoux,ferrandluce@example.net,France
660,Édouard,Girard,thierryblanchet@example.com,France
661,Jean,Muller,jacobmargot@example.org,France
662,Renée,Lesage,francoise09@example.org,France
663,Emmanuelle,Ferreira,adelefouquet@example.org,France
664,Anouk,Perrier,fontaineagnes@example.org,France
665,Louise,Perrot,aurorebonnin@example.com,France
666,Timothée,Chrétien,shoareau@example.net,France
667,Georges,Schmitt,sophielecoq@example.net,France
668,Julie,Pottier,wmorvan@example.com,France
669,Alexandrie,Thomas,marquesaimee@example.com,France
670,Théodore,Charrier,jleclercq@example.org,France
671,Charlotte,Baudry,elise03@example.net,France
672,Brigitte,Lemonnier,marthedeschamps@example.org,France
673,Henriette,Langlois,pierreadrienne@example.org,France
674,Marianne,Fontaine,william68@example.org,France
675,Marianne,Breton,barbierzoe@example.net,France
676,Françoise,Rolland,luc18@example.org,France
677,Olivier,Grenier,pintocamille@example.org,France
678,Alexandrie,Delorme,benardguillaume@example.net,France
679,Aurore,Lefebvre,maggielefort@example.com,France
680,Michelle,Gay,bretonanais@example.net,France
681,Laurent,Marin,icolin@example.net,France
682,Brigitte,Marie,jeanninerenard@example.org,France
683,Hélène,Toussaint,juliengodard@example.org,France
684,Caroline,Tanguy,qnguyen@example.com,France
685,Corinne,Marin,marine66@example.com,France
686,Édouard,Renaud,tprevost@example.com,France
687,Arthur,Jacquot,fontainejuliette@example.net,France
688,Émile,Perrin,ybarthelemy@example.net,France
689,Maryse,Paul,rossigilbert@example.com,France
690,Alix,Texier,bernardhelene@example.com,France
691,Margot,Maréchal,mpelletier@example.org,France
692,Brigitte,Gillet,gilletgregoire@example.org,France
693,Christophe,Lenoir,fischeraurelie@example.org,France
694,Roland,Klein,martelbertrand@example.com,France
695,Chantal,Le Goff,ppires@example.org,France
696,Emmanuel,Pires,oliviermonique@example.org,France
697,Pénélope,Payet,bonneaufrederique@example.net,France
698,Roland,Jean,npayet@example.net,France
699,Jacques,Renault,margaretpottier@example.com,France
700,Roland,Michaud,coletteleveque@example.org,France
701,Margot,De Oliveira,aime59@example.com,France
702,Noël,Vasseur,lmillet@example.com,France
703,Julie,Parent,ncolin@example.com,France
704,Suzanne,Robin,margueritegerard@example.org,France
705,Célina,Bernier,marchaloceane@example.com,France
706,Franck,Bouvier,virginie48@example.net,France
707,Constance,Colas,llemaitre@example.com,France
708,Bernard,Descamps,manonfouquet@example.com,France
709,Isabelle,Gilbert,juliette13@example.com,France
710,Guy,Pereira,bertrand76@example.net,France
711,Aurélie,Arnaud,tleblanc@example.com,France
712,Lucy,Henry,jlopez@example.org,France
713,Laurence,Delattre,uriou@example.com,France
714,Aimée,Ledoux,berniermichelle@example.net,France
715,Marianne,Delorme,veroniquejacquot@example.com,France
716,Yves,Da Silva,gregoiregodard@example.com,France
717,Alice,Gomes,perretcharlotte@example.org,France
718,Timothée,Rolland,bertrand58@example.com,France
719,Xavier,Delorme,gregoire52@example.net,France
720,Margaret,Salmon,isabelle61@example.com,France
721,Célina,Thibault,jourdanmatthieu@example.com,France
722,Caroline,Pinto,orobert@example.org,France
723,Michèle,Gimenez,jacqueseric@example.net,France
724,Xavier,Georges,ines64@example.org,France
725,Jeanne,Samson,luce55@example.com,France
726,Sophie,Rivière,eugenemarchal@example.net,France
727,Marc,Guillon,ltessier@example.net,France
728,Nathalie,Munoz,pasquierlouise@example.net,France
729,Frédéric,Garcia,marechalalix@example.org,France
730,Marguerite,Gallet,labbejules@example.org,France
731,Laurence,Lebrun,tfabre@example.com,France
732,Maryse,Sauvage,valetteclaudine@example.com,France
733,Danielle,Maillard,remy72@example.com,France
734,Thibaut,Martineau,alexandria60@example.org,France
735,Margaud,Bertin,ktecher@example.com,France
736,Alexandria,Moulin,adidier@example.org,France
737,Brigitte,Deschamps,hadam@example.net,France
738,Diane,Lacroix,qcousin@example.org,France
739,Benjamin,Martinez,diasgregoire@example.net,France
740,Alfred,Lemonnier,elisabethgallet@example.com,France
741,Anne,Mendès,delattreagnes@example.org,France
742,Tristan,Chrétien,thomasmaillet@example.org,France
743,Céline,Peltier,jlefevre@example.net,France
744,Éléonore,Louis,alexandriewagner@example.org,France
745,Cécile,Renault,matthieupascal@example.com,France
746,Olivier,Noël,edithboutin@example.net,France
747,Valérie,Parent,gleroux@example.com,France
748,Marguerite,Guillet,rbecker@example.com,France
749,Adèle,Lefèvre,danieljacques@example.org,France
750,Adrienne,Lebrun,franck00@example.net,France
751,Sébastien,Poirier,aureliepottier@example.com,France
752,Gérard,Muller,ybonnet@example.net,France
753,Patrick,Delorme,anais61@example.org,France
754,Christophe,Paris,patrickgeorges@example.net,France
755,Léon,Rodrigues,jleroux@example.net,France
756,Caroline,Chauvet,maryse06@example.org,France
757,Marcelle,Meunier,mailletaurelie@example.org,France
758,Denise,Gaillard,coulonjacqueline@example.org,France
759,Sabine,Rousseau,nmenard@example.net,France
760,Anaïs,Klein,alfredhardy@example.net,France
761,Roger,Cordier,pelletierastrid@example.com,France
762,Laure,Berger,martinscaroline@example.com,France
763,Margaud,Toussaint,qduval@example.net,France
764,Alexandrie,Rodriguez,francklefebvre@example.org,France
765,Thibaut,Becker,stephane66@example.net,France
766,Marine,Léger,ines29@example.com,France
767,Nathalie,Fouquet,francoise78@example.org,France
768,Hortense,Laporte,heleneblot@example.net,France
769,Stéphane,Gilles,schmittthomas@example.com,France
770,Émile,Prévost,emmanuel82@example.com,France
771,Patricia,Traore,rolandlefebvre@example.com,France
772,Gabriel,Courtois,valleeclemence@example.net,France
773,Hortense,Fouquet,paulhenriette@example.org,France
774,Aimé,Techer,rklein@example.org,France
775,Olivier,Thomas,penelope67@example.net,France
776,Capucine,Denis,charles29@example.org,France
777,Capucine,Robin,eugenepaul@example.com,France
778,Guy,Fabre,nicolas44@example.com,France
779,Raymond,Hamel,ldescamps@example.net,France
780,Laurent,Maréchal,qroche@example.org,France
781,Amélie,Delattre,sebastien43@example.net,France
782,Michel,Pasquier,ablanchard@example.org,France
783,Patrick,Parent,lagardesimone@example.com,France
784,Léon,Aubert,inesda-costa@example.org,France
785,Christophe,Camus,jacquetmadeleine@example.com,France
786,Olivie,Langlois,taubert@example.net,France
787,Caroline,Marion,theodoreleblanc@example.org,France
788,Henriette,Duhamel,jeanfrancois@example.org,France
789,Michelle,Delattre,davidmasse@example.org,France
790,Véronique,Aubry,fbernier@example.com,France
791,Margot,Collin,dorotheethierry@example.com,France
792,Aurélie,Masson,emmanuelhardy@example.com,France
793,Maurice,Normand,michellemeunier@example.com,France
794,Cécile,Muller,maggie92@example.com,France
795,Auguste,Daniel,isabelle81@example.net,France
796,Joseph,Moulin,dlabbe@example.net,France
797,Victor,Jacquet,danielzacharie@example.net,France
798,Nath,Grenier,weissanastasie@example.com,France
799,Eugène,Marchal,gillescamus@example.com,France
800,Frédérique,Joly,royerpierre@example.org,France
801,Guy,Ribeiro,jremy@example.com,France
802,Aurore,Gérard,thereseleroux@example.net,France
803,Isabelle,Prévost,ines39@example.net,France
804,Simone,Bailly,patricialefevre@example.net,France
805,Juliette,Ramos,lucasfabre@example.com,France
806,Colette,Courtois,patrick09@example.net,France
807,Raymond,Brun,chantallopes@example.net,France
808,Marie,Toussaint,marc34@example.org,France
809,Thierry,Paris,renee41@example.com,France
810,Margaud,Delmas,marc79@example.net,France
811,William,Vaillant,aimehernandez@example.com,France
812,Adèle,Mathieu,guibertjean@example.org,France
813,Diane,Hebert,gerardlouis@example.net,France
814,Stéphane,Chauvin,laurentmargot@example.net,France
815,Georges,Hamel,mullerlucas@example.com,France
816,Stéphanie,Baron,wlaporte@example.org,France
817,Frédéric,Da Silva,margauxhamel@example.net,France
818,Luce,Evrard,jeanbertrand@example.com,France
819,Éric,Martin,timotheeboutin@example.com,France
820,Pénélope,Moreau,ppruvost@example.com,France
821,Thibault,Rémy,benoitleger@example.net,France
822,Sophie,Masson,rouxcharles@example.com,France
823,Frédérique,Charles,alicemaillard@example.com,France
824,Patricia,Langlois,blegrand@example.org,France
825,Aimée,Dos Santos,philippeceline@example.org,France
826,André,Gomes,margotmaillard@example.com,France
827,Paulette,Delorme,louischarlotte@example.com,France
828,Emmanuel,Peron,letellierlucie@example.net,France
829,Geneviève,Perez,cecile80@example.com,France
830,Victor,Prévost,tdumas@example.org,France
831,Frédéric,Alexandre,yvesdiaz@example.net,France
832,Victoire,Marchand,hnguyen@example.com,France
833,Margot,Launay,hdelorme@example.com,France
834,Michelle,Jean,jeanne37@example.org,France
835,Manon,Martin,chauvetmichelle@example.com,France
836,Timothée,Gillet,sabinede-sousa@example.org,France
837,Étienne,Dubois,cjean@example.net,France
838,Diane,Le Gall,mdos-santos@example.com,France
839,Noémi,Robert,zleger@example.com,France
840,Jérôme,Pons,anastasie32@example.com,France
841,Louise,Fontaine,adriennemasse@example.com,France
842,Matthieu,Rocher,lucy64@example.com,France
843,Hugues,Hubert,rgregoire@example.com,France
844,Étienne,Evrard,gabrielperrin@example.com,France
845,William,Laurent,tristan35@example.com,France
846,Jean,Leclerc,adele95@example.net,France
847,Adélaïde,Barbe,rogerveronique@example.com,France
848,Alix,Diallo,jacquetmarcelle@example.net,France
849,Françoise,Vasseur,rtanguy@example.com,France
850,Frédérique,Guichard,bousquethortense@example.com,France
851,Simone,Barre,mauryclaude@example.com,France
852,Paul,Jacques,roger09@example.com,France
853,Aurélie,Dupuis,ehamon@example.com,France
854,Bernadette,Paris,ojacob@example.com,France
855,Adrienne,Gilbert,jeanneremy@example.com,France
856,Madeleine,Sanchez,schneideradelaide@example.com,France
857,Virginie,Pages,ogay@example.net,France
858,André,Gautier,perezmaryse@example.net,France
859,Sophie,Ledoux,pariseric@example.com,France
860,Xavier,Munoz,valeriephilippe@example.org,France
861,Catherine,Lemaître,rrocher@example.com,France
862,Guillaume,Diallo,marechalvictoire@example.org,France
863,Élodie,François,arnaude12@example.org,France
864,Christiane,Clerc,lucasdenis@example.net,France
865,Margot,Pelletier,bousquetsabine@example.com,France
866,Margaret,Albert,benoitleroy@example.org,France
867,Jeannine,Bouvier,margaudchauvet@example.org,France
868,Emmanuel,Bertin,kleinrene@example.net,France
869,Laetitia,Gilbert,julie63@example.com,France
870,Rémy,Bouvier,andre54@example.org,France
871,Nicolas,Dias,paulettetecher@example.net,France
872,Thibaut,Dumont,fischerthomas@example.net,France
873,Jean,Perrin,brunetlaurence@example.org,France
874,Marianne,Tanguy,henriette34@example.com,France
875,Simone,Pruvost,henriettecharrier@example.org,France
876,Juliette,Faivre,diane90@example.com,France
877,Franck,Boucher,emmanuel83@example.com,France
878,Michelle,Mercier,thibaultfrederic@example.com,France
879,Constance,Renault,chantal60@example.org,France
880,Laure,Leclercq,suzanne17@example.net,France
881,Amélie,Paris,xmonnier@example.org,France
882,Guillaume,Le Roux,catherine64@example.org,France
883,Isabelle,Mace,martinecosta@example.net,France
884,Alexandre,Hervé,rrobert@example.com,France
885,Agnès,Fernandez,cguillet@example.com,France
886,Marie,Charles,aime71@example.org,France
887,Madeleine,Gimenez,agnesguillot@example.org,France
888,Gilles,Couturier,dominiqueallard@example.org,France
889,Jeanne,Lemaire,josephlefebvre@example.com,France
890,Louis,Grondin,deschampsgeorges@example.org,France
891,Guillaume,Loiseau,opoirier@example.net,France
892,Véronique,Pichon,guillaumebenoit@example.net,France
893,Nath,Bodin,nmallet@example.org,France
894,Franck,Coulon,traorealexandrie@example.org,France
895,Théodore,Letellier,clementjulie@example.com,France
896,Margaux,Vaillant,barthelemyclemence@example.org,France
897,Claude,Guichard,pierre95@example.org,France
898,Théophile,Michel,zgermain@example.net,France
899,Marianne,Fournier,jeanjulien@example.com,France
900,Claire,Fischer,charpentierlouise@example.net,France
901,Hortense,Blin,simonmargot@example.org,France
902,Pénélope,Lambert,emmanuel11@example.org,France
903,Suzanne,Charpentier,blanchetcolette@example.org,France
904,Noémi,Gomes,tdos-santos@example.org,France
905,Margaud,Langlois,xavier78@example.com,France
906,Zacharie,Roussel,maillardmarianne@example.net,France
907,Laure,Dos Santos,thibaultjuliette@example.org,France
908,Nicolas,Bourgeois,marchalsuzanne@example.org,France
909,Marcel,Dubois,thierry78@example.net,France
910,Juliette,Vidal,honoreguibert@example.net,France
911,Christophe,Joubert,detienne@example.net,France
912,Alix,Marin,zberger@example.net,France
913,Alex,Faivre,vincent80@example.org,France
914,Suzanne,Chauvet,augusteguillot@example.com,France
915,Laetitia,Briand,patriciacosta@example.net,France
916,Zoé,Coulon,bgonzalez@example.org,France
917,Margaux,Ribeiro,cmorvan@example.com,France
918,Margot,Bodin,lvidal@example.org,France
919,Julie,Tanguy,aurelie00@example.net,France
920,Gérard,Guyot,nbouchet@example.net,France
921,Audrey,Philippe,abousquet@example.net,France
922,Catherine,Antoine,marie90@example.com,France
923,Georges,Meunier,martelaurore@example.com,France
924,Benjamin,Reynaud,marechalbrigitte@example.com,France
925,Gilles,Morvan,cmeyer@example.com,France
926,Marthe,Pereira,bousquetmartin@example.com,France
927,Denis,Letellier,henri09@example.net,France
928,Christine,Boutin,levequeaurelie@example.net,France
929,Adrienne,Baron,dumontfrancoise@example.org,France
930,Margaux,Morin,gomezchristelle@example.org,France
931,Éric,Lacroix,begueceline@example.com,France
932,Frédéric,Lelièvre,ulemaitre@example.net,France
933,Adrien,Royer,cdupuy@example.com,France
934,Nath,Dubois,vmaury@example.com,France
935,Aimée,Coulon,pierre01@example.net,France
936,Océane,Joly,bousquetjulie@example.org,France
937,René,Clerc,theodorechauvet@example.com,France
938,Lorraine,Mahe,zregnier@example.org,France
939,Capucine,Lemaire,flegrand@example.net,France
940,Manon,Delattre,michel84@example.com,France
941,Émilie,Hoarau,patrick70@example.org,France
942,Margot,Raynaud,gmoreno@example.com,France
943,Joséphine,Thierry,constance54@example.org,France
944,Dominique,Ferrand,traorenicolas@example.net,France
945,Arnaude,Descamps,gregoirelacombe@example.org,France
946,Noël,Leblanc,bernardnathalie@example.com,France
947,Julie,Marchand,le-rouxagnes@example.net,France
948,Monique,Albert,lucasgregoire@example.org,France
949,Luc,Lucas,jdupuis@example.net,France
950,Constance,Lejeune,delormematthieu@example.org,France
951,Henriette,Girard,wribeiro@example.net,France
952,Arnaude,Wagner,penelope72@example.net,France
953,Margaud,Delannoy,wloiseau@example.net,France
954,Marianne,Seguin,morelxavier@example.com,France
955,Noémi,Pasquier,ale-goff@example.org,France
956,Gabriel,Rossi,pelletierpaulette@example.net,France
957,Franck,Rolland,olivierrousset@example.net,France
958,Patrick,Robin,julienalfred@example.org,France
959,William,Laporte,odufour@example.net,France
960,Audrey,Collin,jbrun@example.org,France
961,Honoré,Rocher,chauvingabrielle@example.net,France
962,Jean,Faivre,pda-silva@example.com,France
963,Zoé,Regnier,jeannefournier@example.net,France
964,Noël,Lucas,paulturpin@example.com,France
965,Hélène,Rivière,benoit06@example.org,France
966,Clémence,Lesage,anne32@example.com,France
967,Tristan,Georges,dcousin@example.com,France
968,Yves,Étienne,alphonse21@example.com,France
969,Aurélie,Vallet,francois94@example.org,France
970,Marie,Barbier,xchretien@example.net,France
971,Zoé,Berthelot,lacombeisabelle@example.com,France
972,Monique,Lacroix,augustinleleu@example.com,France
973,Catherine,Lebrun,henriette42@example.org,France
974,Suzanne,Mercier,stephanie33@example.org,France
975,Anaïs,Dijoux,guillouagathe@example.org,France
976,Lucie,Hervé,isabelle07@example.com,France
977,Adèle,Bousquet,nbousquet@example.net,France
978,Amélie,Potier,gabriel06@example.net,France
979,Anouk,Hoareau,brigittemorin@example.net,France
980,Maggie,Rolland,schmittwilliam@example.net,France
981,Olivier,Bouchet,royeradrienne@example.org,France
982,Catherine,Vallée,franckvaillant@example.org,France
983,René,Dufour,rollandsophie@example.org,France
984,Lucy,Maury,audrey62@example.org,France
985,Christine,Rousset,yfournier@example.org,France
986,Anouk,Diallo,thomas14@example.com,France
987,Philippine,Vidal,emilepichon@example.org,France
988,Marine,Moreno,wguichard@example.org,France
989,Sabine,Picard,martine08@example.net,France
990,Audrey,Meyer,ysamson@example.com,France
991,Madeleine,Roussel,regnierlouise@example.org,France
992,Danielle,Dupré,anastasiegonzalez@example.net,France
993,Daniel,Pottier,barbierdiane@example.org,France
994,Jérôme,Hernandez,pgosselin@example.org,France
995,Adèle,Lévêque,renardmartin@example.net,France
996,Laure,Baudry,stephane69@example.org,France
997,Danielle,Gérard,bernadette49@example.org,France
998,Léon,Rolland,marianne80@example.com,France
999,Victoire,Barre,eugene36@example.com,France
1000,Richard,De Oliveira,philippine63@example.net,France
